{"name":"RemontCalc — Расчёт материалов","short_name":"RemontCalc","description":"Простой и удобный калькулятор для расчёта строительных и отделочных материалов.","lang":"ru","start_url":"/remontcalc-android/","scope":"https://grek2386-lang.github.io/remontcalc-android/","display":"standalone","orientation":"portrait","theme_color":"#2e7d32","background_color":"#bdbdbd","icons":[{"src":"icon-512.png","sizes":"512x512","type":"image/png"},{"src":"icon-192.png","sizes":"192x192","type":"image/png"},{"src":"icon-144.png","sizes":"144x144","type":"image/png"},{"src":"icon-96.png","sizes":"96x96","type":"image/png"},{"src":"icon-72.png","sizes":"72x72","type":"image/png"},{"src":"icon-48.png","sizes":"48x48","type":"image/png"}]}